{
  "geometry": {
    "d_o": 0.016,
    "S_T": 0.036,
    "S_L": 0.034,
    "h_fin": 0.01,
    "t_fin": 0.0005,
    "S_fin": 0.004,
    "sigma": 0.5555555555555555
  },
  "fluid_properties": {
    "rho": 1.177,
    "mu": 1.846e-05,
    "k": 0.0263,
    "Pr": 0.707
  },
  "results": [
    {
      "Re_d": 2000,
      "V_fr": 1.0891626545832152,
      "V_max": 1.9604927782497874,
      "Nu": 22.27076316301265,
      "K_f": 1.0407197738681417,
      "j": 0.012499672448046619,
      "h": 36.607566949202045
    },
    {
      "Re_d": 5000,
      "V_fr": 2.722906636458038,
      "V_max": 4.901231945624469,
      "Nu": 41.5654269064698,
      "K_f": 0.8337432372025795,
      "j": 0.009331592594132085,
      "h": 68.32317047750973
    },
    {
      "Re_d": 10000,
      "V_fr": 5.445813272916076,
      "V_max": 9.802463891248937,
      "Nu": 66.63979807105055,
      "K_f": 0.7049901761669204,
      "j": 0.007480440987092075,
      "h": 109.53916807928934
    },
    {
      "Re_d": 15000,
      "V_fr": 8.168719909374111,
      "V_max": 14.703695836873404,
      "Nu": 87.83180741949785,
      "K_f": 0.6391002399065304,
      "j": 0.006572855572888361,
      "h": 144.37353344579958
    }
  ]
}